{
	"thermo":[
		{
			"reactant":"Ag",
			"description":	"Hf:Cox,1989. Moore,1971. Gordon,1999.",
			"t_intervals": 3,
			"id_code":	"g10/97",
			"chemicalFormula":[	"AG",1.00,0.00,0.00,0.00,0.00],
			"gaseous": false,
			"molecularWeight": 107.8682000,
			"heatOfFormation": 284900.000,
			"temperatureRange":[200.000,1000.000],
			"numberOfCoefficients":7,
			"tExponents":[-2.0,-1.0,0.0,1.0,2.0,3.0,4.0,0.0],
			"H^(298.15)-H^(0) J/mol": 6197.428,
			"coefficients":[0.000000000, 0.000000000, 2.500000000, 0.000000000, 0.000000000, 0.000000000, 0.000000000], 
			"integrationConstants":[3.352002370], 6.562819350], 
			"temperatureRange":[1000.000, 6000.000], 
			"numberOfCoefficients":7,
			"tExponents":[-2.0,-1.0,0.0,1.0,2.0,3.0,4.0,0.0],
			"H^(298.15)-H^(0) J/mol": 6197.428,