{
	"thermo":[
		{
			"reactant":	"Ag",
			"description":	"Hf:Cox,1989. Moore,1971. Gordon,1999.",
			"t_intervals": 3,
			"id_code":	"g10/97",
			"chemicalFormula":{
						"AL ": 1.00,
						"BR ": 3.00,
						"   ": 0.00,
						"   ": 0.00,
						"   ": 0.00
						},
			"gaseous": false,
			"molecularWeight": 107.8682000,
			"heatOfFormation": 284900.000,
			"temperatureRange":[200.000, 1000.000], 
			"numberOfCoefficients": 7,
			"tExponents":[-2.0,-1.0,0.0,1.0,2.0,3.0,4.0,0.0],
			"H^(298.15)-H^(0) J/mol": 6197.428,
			"coefficients":[0.000000000e+00, 0.000000000e+00, 2.500000000e+00, 0.000000000e+00, 0.000000000e+00, 0.000000000e+00, 0.000000000e+00], 
			"integrationConstants":[3.352002370e+04, 6.562819350e+00],
			"temperatureRange":[1000.000, 6000.000], 
			"numberOfCoefficients": 7,
			"tExponents":[-2.0,-1.0,0.0,1.0,2.0,3.0,4.0,0.0],
			"H^(298.15)-H^(0) J/mol": 6197.428,
			"coefficients":[-3.309926370e+05, 9.820086420e+02, 1.381179917e+00, 6.170899990e-04, -1.688114600e-07, 2.008826848e-11, -5.627285655e-16], 
			"integrationConstants":[2.726719171e+04, 1.456862733e+01],
			"temperatureRange":[6000.000, 20000.000], 
			"numberOfCoefficients": 7,
			"tExponents":[-2.0,-1.0,0.0,1.0,2.0,3.0,4.0,0.0],
			"H^(298.15)-H^(0) J/mol": 6197.428,
			"coefficients":[-3.717441500e+08, 2.758069172e+05, -7.385982610e+01, 9.606158720e-03, -5.393935740e-07, 1.358856730e-11, -1.272610104e-16], 
			"integrationConstants":[-2.107724971e+06, 6.628374570e+02]
		},
